丈夫	个 [ge4]
三明治	个 [ge4]
上午	个 [ge4]
上级	个 [ge4]
上衣	件 [jian4]
下午	个 [ge4]
下巴	个 [ge4]
不幸	个 [ge4]
世界	个 [ge4]
世纪	个 [ge4]
中午	个 [ge4]
中学	个 [ge4]
中山服	件 [jian4]
中厅	间 [jian1]
中心	个 [ge4]
中药	服 [fu4], 种 [zhong3]
中餐	份 [fen4], 顿 [dun4]
主人	个 [ge4]
主任	个 [ge4]
主席	个 [ge4], 位 [wei4]
主席台	个 [ge4]
主张	个 [ge4]
主意	个 [ge4]
乒乓球	个 [ge4]
干冰	块 [kuai4]
干笑	声 [sheng1]
事	件 [jian4], 桩 [zhuang1], 回 [hui2]
事件	个 [ge4]
事儿	件 [jian4], 桩 [zhuang1]
事实	个 [ge4]
事情	件 [jian4], 桩 [zhuang1]
事故	桩 [zhuang1], 起 [qi3], 次 [ci4]
事业	个 [ge4]
事物	个 [ge4]
二胡	把 [ba3]
井	口 [kou3]
交易	笔 [bi3]
享受	种 [zhong3]
京剧	场 [chang3], 出 [chu1]
京戏	出 [chu1]
人	个 [ge4], 位 [wei4]
人命	条 [tiao2]
人员	个 [ge4]
人家	户 [hu4], 家 [jia1]
人民	个 [ge4]
人物	个 [ge4]
代表	位 [wei4], 个 [ge4], 名 [ming2]
代表团	个 [ge4]
任务	项 [xiang4], 个 [ge4]
任命	纸 [zhi3]
任期	届 [jie4]
企图	种 [zhong3]
企业	家 [jia1]
伯母	个 [ge4]
伯父	个 [ge4]
估计	个 [ge4]
位置	个 [ge4]
住宅楼	幢 [zhuang4], 座 [zuo4], 栋 [dong4]
住所	处 [chu4]
佛像	尊 [zun1], 张 [zhang1]
作品	部 [bu4], 篇 [pian1]
作家	个 [ge4], 位 [wei4]
作文	篇 [pian1]
作业	个 [ge4]
作者	个 [ge4]
例子	个 [ge4]
便条	张 [zhang1], 个 [ge4]
便签	张 [zhang1], 个 [ge4]
保证	个 [ge4]
保护	种 [zhong3]
保护区	个 [ge4], 片 [pian4]
保险	份 [fen4]
保险套	只 [zhi1]
信	封 [feng1]
信封	个 [ge4]
信心	个 [ge4]
信用证券	张 [zhang1]
俱乐部	个 [ge4]
候选人	名 [ming2]
假条	张 [zhang1]
偏题	道 [dao4]
做法	个 [ge4]
伞	把 [ba3]
传统	个 [ge4]
传记	篇 [pian1], 部 [bu4]
债	笔 [bi3]
伤疤	道 [dao4]
价值	个 [ge4]
价格	个 [ge4]
仪器	台 [tai2]
优点	个 [ge4], 项 [xiang4]
储藏室	间 [jian1]
兄弟	个 [ge4]
先生	位 [wei4]
光	道 [dao4]
光盘	片 [pian4], 张 [zhang1]
光碟	片 [pian4], 张 [zhang1]
光线	条 [tiao2], 道 [dao4]
儿童	个 [ge4]
兔子	只 [zhi1]
内容	个 [ge4], 项 [xiang4]
内衣	件 [jian4]
全会	届 [jie4]
公交车	辆 [liang4]
公仆	个 [ge4], 位 [wei4]
公共汽车	辆 [liang4], 班 [ban1]
公司	家 [jia1]
公园	个 [ge4], 座 [zuo4]
公堂	家 [jia1]
公寓	套 [tao4]
公寓楼	座 [zuo4]
公用电话	部 [bu4]
公路	条 [tiao2]
兵	个 [ge4]
冠军	个 [ge4]
冬天	个 [ge4]
冰	块 [kuai4]
冰山	座 [zuo4]
冰棍	根 [gen1]
冰棒	根 [gen1]
冰箱	台 [tai2], 个 [ge4]
冰雹	场 [chang2], 粒 [li4]
出口	个 [ge4]
出生证	张 [zhang1]
出生证明	张 [zhang1]
出生证明书	张 [zhang1]
出租汽车	辆 [liang4]
刀	把 [ba3]
刀叉	副 [fu4]
刀子	把 [ba3]
分析	个 [ge4]
分机	台 [tai2]
别墅	幢 [zhuang4], 座 [zuo4]
别针	枚 [mei2]
利息	笔 [bi3]
利益	个 [ge4]
制度	个 [ge4]
制服	套 [tao4]
刷子	把 [ba3]
剪	把 [ba3]
剪刀	把 [ba3]
剪子	把 [ba3]
副食	种 [zhong3]
创作	个 [ge4]
剧场	个 [ge4]
剧院	家 [jia1], 座 [zuo4]
剑	口 [kou3], 把 [ba3]
力气	把 [ba3]
功课	门 [men2]
劲	把 [ba3]
动作	个 [ge4]
动作片	部 [bu4]
动员	次 [ci4]
动物	只 [zhi1], 群 [qun2], 个 [ge4]
动物园	个 [ge4]
胜利	个 [ge4]
劳动	次 [ci4]
劝告	席 [xi2]
勺	把 [ba3]
勺子	把 [ba3]
包	个 [ge4], 只 [zhi1]
包子	个 [ge4]
包裹	个 [ge4]
区	个 [ge4]
区别	个 [ge4]
午饭	份 [fen4], 顿 [dun4], 次 [ci4], 餐 [can1]
午餐	份 [fen4], 顿 [dun4], 次 [ci4]
半天	个 [ge4]
协会	个 [ge4], 家 [jia1]
协议	项 [xiang4]
卡	张 [zhang1], 片 [pian4]
卡车	辆 [liang4]
印度人	个 [ge4]
印章	方 [fang1]
危害	个 [ge4]
危机	个 [ge4]
卷尺	把 [ba3]
卷心菜	棵 [ke1]
原则	个 [ge4]
原因	个 [ge4]
原料	个 [ge4]
参赛者	名 [ming2]
叉子	把 [ba3]
叉车	台 [tai2]
反应	个 [ge4]
反间计	条 [tiao2]
叔叔	个 [ge4]
口号	个 [ge4]
口袋	个 [ge4]
口语	门 [men2]
古砚	台 [tai2]
古迹	个 [ge4]
句子	个 [ge4]
可能	个 [ge4]
司机	个 [ge4]
合作	个 [ge4]
合同	个 [ge4]
吉他	把 [ba3]
同事	个 [ge4], 位 [wei4]
同学	位 [wei4], 个 [ge4]
同志	个 [ge4]
名册	本 [ben3]
名胜	处 [chu4]
名字	个 [ge4]
吵架	顿 [dun4]
吸引	个 [ge4]
吸管	支 [zhi1]
周折	番 [fan1]
命令	道 [dao4], 个 [ge4]
命运	个 [ge4]
和棋	盘 [pan2]
咖啡	杯 [bei1]
咖啡屋	家 [jia1]
咖啡馆	家 [jia1]
咳嗽	阵 [zhen4]
品种	个 [ge4]
哥哥	个 [ge4], 位 [wei4]
哲学	个 [ge4]
唐人街	条 [tiao2], 座 [zuo4]
售货员	个 [ge4]
唱片	张 [zhang1]
商品	个 [ge4]
商场	家 [jia1]
商店	家 [jia1], 个 [ge4]
问卷	份 [fen4]
问题	个 [ge4]
啤酒	杯 [bei1], 瓶 [ping2], 罐 [guan4], 桶 [tong3], 缸 [gang1]
喜剧	部 [bu4], 出 [chu1]
喜报	张 [zhang1]
单	个 [ge4]
单人床	张 [zhang1]
单位	个 [ge4]
单打	场 [chang3]
单词	个 [ge4]
嗓子	把 [ba3]
尝试	次 [ci4]
嘴	张 [zhang1], 个 [ge4]
嘴唇	片 [pian4]
嘴巴	张 [zhang1], 个 [ge4]
器	台 [tai2]
回信	封 [feng1]
回忆	个 [ge4]
因素	个 [ge4]
圈	个 [ge4]
国	个 [ge4]
国家	个 [ge4]
国旗	面 [mian4]
国王	个 [ge4]
国际象棋	副 [fu4]
围巾	条 [tiao2]
围墙	道 [dao4]
圆珠笔	支 [zhi1], 枝 [zhi1]
图	张 [zhang1]
图书	本 [ben3], 册 [ce4], 部 [bu4]
图书馆	家 [jia1], 个 [ge4]
图片	张 [zhang1]
图章	方 [fang1]
图集	本 [ben3], 部 [bu4]
团体	个 [ge4]
土地	片 [pian4], 块 [kuai4]
土豆	个 [ge4], 颗 [ke1]
地	片 [pian4]
地位	个 [ge4]
地区	个 [ge4]
地图	张 [zhang1], 本 [ben3]
地址	个 [ge4]
地契	张 [zhang1], 份 [fen4]
地带	个 [ge4]
地方	处 [chu4], 个 [ge4], 块 [kuai4]
地球	个 [ge4]
地雷	颗 [ke1]
地点	个 [ge4]
坐垫	块 [kuai4]
坡	个 [ge4]
坯料	块 [kuai4]
城	座 [zuo4], 道 [dao4], 个 [ge4]
城市	座 [zuo4]
执念	股 [gu3]
堂	间 [jian1]
堡寨	座 [zuo4]
报	份 [fen4], 张 [zhang1]
报名表	张 [zhang1]
报告	篇 [pian1], 份 [fen4], 个 [ge4], 通 [tong4]
报社	家 [jia1]
报纸	份 [fen4], 期 [qi1], 张 [zhang1]
报道	篇 [pian1], 份 [fen4]
塑料	种 [zhong3]
塔	座 [zuo4]
墨	块 [kuai4]
墨水	瓶 [ping2]
墨镜	只 [zhi1], 双 [shuang1], 副 [fu4]
墩布	把 [ba3]
坟	座 [zuo4]
壁灯	盏 [zhan3]
坏处	个 [ge4]
坝	条 [tiao2]
士兵	个 [ge4]
夏天	个 [ge4]
外交	个 [ge4]
外国	个 [ge4]
外套	件 [jian4]
外语	门 [men2]
夜晚	个 [ge4]
梦	场 [chang2], 个 [ge4]
大事	件 [jian4], 桩 [zhuang1]
大使	名 [ming2], 位 [wei4]
大使馆	座 [zuo4], 个 [ge4]
大学	所 [suo3]
大提琴	把 [ba3]
大会	个 [ge4], 届 [jie4]
大梁	根 [gen1]
大楼	幢 [zhuang4], 座 [zuo4]
大氅	件 [jian4]
大火	场 [chang2]
大白菜	棵 [ke1]
大炮	门 [men2], 尊 [zun1]
大蒜	瓣 [ban4], 头 [tou2]
大街	条 [tiao2]
大衣	件 [jian4]
大象	只 [zhi1]
大路	条 [tiao2]
大陆	个 [ge4], 块 [kuai4]
大雁	只 [zhi1]
大雨	场 [chang2]
大风	场 [chang2]
太太	个 [ge4], 位 [wei4]
太阳	个 [ge4]
夫人	位 [wei4]
夫妇	对 [dui4]
失败	次 [ci4]
夹袄	件 [jian4]
奥斯卡	届 [jie4]
奥斯卡金像奖	届 [jie4]
女士	个 [ge4], 位 [wei4]
女郎	个 [ge4], 位 [wei4]
奶奶	位 [wei4]
奶酪	块 [kuai4], 盒 [he2], 片 [pian4]
好事者	个 [ge4]
好友	个 [ge4]
好汉	条 [tiao2]
好处	个 [ge4]
妹妹	个 [ge4]
妻子	个 [ge4]
姐姐	个 [ge4]
姑姑	个 [ge4]
姑娘	个 [ge4]
姓	个 [ge4]
婚事	门 [men2], 桩 [zhuang1]
婚姻	桩 [zhuang1], 次 [ci4]
婚礼	场 [chang3]
婚纱	身 [shen1]
妈妈	个 [ge4], 位 [wei4]
嫁资	份 [fen4], 笔 [bi3]
嫂子	个 [ge4]
婴儿	个 [ge4]
子弹	粒 [li4], 颗 [ke1], 发 [fa1]
孔	个 [ge4]
字	个 [ge4]
字典	本 [ben3]
字母	个 [ge4]
字节	个 [ge4]
季节	个 [ge4]
学问	个 [ge4]
学期	个 [ge4]
学校	所 [suo3]
学术	个 [ge4]
学费	个 [ge4]
学院	所 [suo3]
安全套	只 [zhi1]
安全帽	只 [zhi1], 顶 [ding3]
安慰	个 [ge4]
安眠药	粒 [li4]
官	个 [ge4]
官司	场 [chang2]
客人	位 [wei4]
客厅	间 [jian1]
宣传	个 [ge4]
宫女	个 [ge4], 名 [ming2], 位 [wei4]
宫殿	座 [zuo4]
害处	个 [ge4]
宴会	席 [xi2], 个 [ge4]
家	个 [ge4]
家具	件 [jian4], 套 [tao4]
家庭	户 [hu4], 个 [ge4]
家乡	个 [ge4]
宿舍	间 [jian1]
宿舍楼	幢 [zhuang4], 座 [zuo4]
寒潮	股 [gu3]
寓言	则 [ze2]
寝室	间 [jian1]
实验	个 [ge4], 次 [ci4]
实验室	间 [jian1]
宝剑	把 [ba3], 方 [fang1]
宝物	件 [jian4]
宝石	枚 [mei2], 颗 [ke1]
寺院	座 [zuo4]
封锁线	道 [dao4]
将来	个 [ge4]
专家	个 [ge4]
专业	门 [men2], 个 [ge4]
专线	条 [tiao2]
对比	个 [ge4]
对联	副 [fu4], 幅 [fu2]
对话	个 [ge4]
对象	个 [ge4]
导弹	枚 [mei2]
小事	点 [dian3]
小人书	本 [ben3]
小伙	个 [ge4]
小伙子	个 [ge4]
小册子	本 [ben3]
小刀	把 [ba3]
小吃	家 [jia1]
小吃店	家 [jia1]
小姐	个 [ge4], 位 [wei4]
小孩	个 [ge4]
小学	个 [ge4]
小学生	个 [ge4], 名 [ming2]
小时	个 [ge4]
小朋友	个 [ge4]
小树	棵 [ke1]
小白菜	棵 [ke1]
小笔电	台 [tai2], 部 [bu4]
小葱	把 [ba3]
小说	本 [ben3], 部 [bu4]
小麦	粒 [li4]
尺	支 [zhi1], 把 [ba3]
尺子	把 [ba3]
尿	泡 [pao1]
局长	位 [wei4], 个 [ge4]
屋	间 [jian1], 个 [ge4]
屋子	间 [jian1]
屋顶	个 [ge4]
尸体	具 [ju4]
展览	个 [ge4], 次 [ci4]
展览会	个 [ge4]
山	座 [zuo4]
山区	个 [ge4]
山脉	条 [tiao2]
岸	个 [ge4]
岛	个 [ge4], 座 [zuo4]
工人	个 [ge4], 名 [ming2]
工作	个 [ge4], 份 [fen4], 项 [xiang4]
工厂	家 [jia1], 座 [zuo4]
工会	个 [ge4]
工业学校	个 [ge4], 所 [suo3]
工程	个 [ge4], 项 [xiang4]
工程师	个 [ge4], 位 [wei4], 名 [ming2]
工艺品	个 [ge4]
工资	个 [ge4], 份 [fen4], 月 [yue4]
巧克力	块 [kuai4]
巨款	笔 [bi3]
巨流	股 [gu3]
差事	件 [jian4]
差使	件 [jian4]
市	个 [ge4]
布鞋	双 [shuang1], 只 [zhi1]
希望	个 [ge4]
师傅	个 [ge4], 位 [wei4], 名 [ming2]
帐子	顶 [ding3]
帐篷	顶 [ding3], 座 [zuo4]
带	条 [tiao2]
常识	门 [men2]
帽子	顶 [ding3]
平原	个 [ge4]
平板电脑	台 [tai2]
年	个 [ge4]
年代	个 [ge4]
年纪	把 [ba3], 个 [ge4]
年级	个 [ge4]
年龄	把 [ba3], 个 [ge4]
床	张 [zhang1]
床单	条 [tiao2], 件 [jian4], 张 [zhang1], 床 [chuang2]
床垫	张 [zhang1]
店	家 [jia1]
座	个 [ge4]
座位	个 [ge4]
座谈	次 [ci4], 个 [ge4]
厕所	间 [jian1], 处 [chu4]
厨房	间 [jian1]
庙	座 [zuo4]
厂房	座 [zuo4], 栋 [dong4]
广告	项 [xiang4]
广告衫	件 [jian4]
广播	个 [ge4]
广播电台	个 [ge4], 家 [jia1]
建筑	个 [ge4]
建议	个 [ge4], 点 [dian3]
弓	张 [zhang1]
引擎	台 [tai2]
弟弟	个 [ge4], 位 [wei4]
弦	根 [gen1]
强度	个 [ge4]
强盗	个 [ge4]
弹子	粒 [li4], 颗 [ke1]
弹拨乐器	件 [jian4]
弯	道 [dao4]
形势	个 [ge4]
形式	个 [ge4]
形状	个 [ge4]
形象	个 [ge4]
彩带	条 [tiao2]
彩色	种 [zhong3]
彩虹	道 [dao4]
彩云	朵 [duo3]
影子	个 [ge4]
影片	部 [bu4]
影碟	片 [pian4], 张 [zhang1]
影迷	个 [ge4]
影集	本 [ben3]
影响	股 [gu3]
复习	次 [ci4]
微波炉	台 [tai2]
微笑	个 [ge4], 丝 [si1]
德性	副 [fu4]
心	颗 [ke1], 个 [ge4]
心事	宗 [zong1], 桩 [zhuang1]
心得	项 [xiang4], 个 [ge4]
心情	个 [ge4]
心脏	颗 [ke1], 个 [ge4]
志愿兵	名 [ming2]
快嘴	张 [zhang1]
念珠	串 [chuan4]
思想	个 [ge4]
性	个 [ge4]
性格	个 [ge4]
性质	个 [ge4]
恐怖片	部 [bu4]
悲剧	出 [chu1]
情形	个 [ge4]
情况	个 [ge4], 种 [zhong3]
情绪	种 [zhong3]
想法	个 [ge4]
意外	个 [ge4]
意志	个 [ge4]
意思	个 [ge4]
意涵	层 [ceng2]
意义	个 [ge4]
意见	点 [dian3], 条 [tiao2]
爱人	个 [ge4]
爱好	个 [ge4]
爱心	片 [pian4]
爱情	份 [fen4]
感冒	场 [chang2], 次 [ci4]
感情	个 [ge4], 种 [zhong3]
感想	通 [tong4], 个 [ge4]
感觉	个 [ge4]
态度	个 [ge4]
惨案	起 [qi3]
宪法	部 [bu4]
应聘者	位 [wei4]
恋爱	个 [ge4], 场 [chang3]
成分	个 [ge4]
成功	次 [ci4], 个 [ge4]
成就	个 [ge4]
成果	个 [ge4]
成绩	项 [xiang4], 个 [ge4]
成语	条 [tiao2], 本 [ben3], 句 [ju4]
战场	个 [ge4]
战士	个 [ge4]
战争	场 [chang2], 次 [ci4]
战斗	场 [chang2], 次 [ci4]
戏	出 [chu1], 场 [chang3], 台 [tai2]
戏偶	尊 [zun1]
户头	个 [ge4]
房	间 [jian1]
房契	张 [zhang1], 份 [fen4]
房子	栋 [dong4], 幢 [zhuang4], 座 [zuo4], 套 [tao4], 间 [jian1]
房屋	所 [suo3], 套 [tao4]
房间	间 [jian1], 个 [ge4]
所	个 [ge4]
扁担	根 [gen1]
扇子	把 [ba3]
手	双 [shuang1], 只 [zhi1]
手套	双 [shuang1], 只 [zhi1]
手帕	方 [fang1]
手指	个 [ge4], 只 [zhi1]
手杖	把 [ba3]
手枪	把 [ba3]
手机	部 [bu4], 支 [zhi1]
手段	个 [ge4]
手绢	张 [zhang1], 块 [kuai4]
手续	道 [dao4], 个 [ge4]
手术	个 [ge4]
手表	块 [kuai4], 只 [zhi1], 个 [ge4]
手链	条 [tiao2]
才华	份 [fen4]
打架	场 [chang2]
打算	个 [ge4]
扳子	把 [ba3]
批判	个 [ge4]
批评	次 [ci4], 番 [fan1]
技术	门 [men2], 种 [zhong3], 项 [xiang4]
技术员	个 [ge4]
投开票所	处 [chu4]
抽痛	阵 [zhen4]
抽象	种 [zhong3]
拍卖会	场 [chang3]
拖拉机	台 [tai2]
拖鞋	双 [shuang1], 只 [zhi1]
招待会	个 [ge4], 次 [ci4]
拳头	个 [ge4]
指导	个 [ge4]
指挥	个 [ge4]
指示	个 [ge4]
指头	个 [ge4]
按键	个 [ge4]
捶子	把 [ba3]
掌声	阵 [zhen4]
排球	个 [ge4]
接力赛	场 [chang3]
推动	个 [ge4]
掩护	面 [mian4]
措施	个 [ge4]
提琴	把 [ba3]
损失	个 [ge4]
搞笑片	部 [bu4]
摩天大厦	座 [zuo4]
摩天大楼	座 [zuo4]
摩天楼	座 [zuo4]
摩托车	辆 [liang4], 部 [bu4]
掸	把 [ba3]
掸子	把 [ba3]
扑克牌	副 [fu4]
操场	个 [ge4]
担子	副 [fu4]
摄像机	部 [bu4]
支持	个 [ge4]
支票	本 [ben3]
收入	笔 [bi3], 个 [ge4]
收据	张 [zhang1]
收音机	台 [tai2]
改善	个 [ge4]
改正	个 [ge4]
改进	个 [ge4]
改锥	把 [ba3]
改革	次 [ci4], 种 [zhong3], 项 [xiang4]
政府	个 [ge4]
政治家	个 [ge4], 位 [wei4], 名 [ming2]
政策	个 [ge4]
政党	个 [ge4]
故事	个 [ge4]
故乡	个 [ge4]
救生队	支 [zhi1]
救护车	辆 [liang4]
教员	个 [ge4]
教堂	间 [jian1]
教学	门 [men2], 个 [ge4]
教室	间 [jian1]
教师	个 [ge4]
教授	个 [ge4], 位 [wei4]
教材	本 [ben3]
教科书	本 [ben3]
教练	个 [ge4], 位 [wei4], 名 [ming2]
教训	番 [fan1], 顿 [dun4]
敌人	个 [ge4]
敌军	股 [gu3]
数	个 [ge4]
数字	个 [ge4]
数量	个 [ge4]
文件	份 [fen4]
文化	个 [ge4], 种 [zhong3]
文字	个 [ge4]
文学	种 [zhong3]
文学家	个 [ge4]
文明	个 [ge4]
文物	件 [jian4], 个 [ge4]
文章	篇 [pian1], 段 [duan4], 页 [ye4]
文艺演出	场 [chang3]
斑马	匹 [pi3]
斧子	把 [ba3]
斧头	柄 [bing3]
新年	个 [ge4]
新闻	条 [tiao2], 个 [ge4]
断层	道 [dao4], 个 [ge4]
方向	个 [ge4]
方式	个 [ge4]
方案	个 [ge4], 套 [tao4]
方法	个 [ge4]
方针	个 [ge4]
方面	个 [ge4]
旄车	辆 [liang4]
旅行	趟 [tang4], 次 [ci4], 个 [ge4]
旅馆	家 [jia1]
旗	面 [mian4]
旗子	面 [mian4]
日圆	个 [ge4]
日历	张 [zhang1], 本 [ben3]
日期	个 [ge4]
日用品	件 [jian4], 个 [ge4]
日程	个 [ge4]
日记	则 [ze2], 本 [ben3], 篇 [pian1]
早上	个 [ge4]
早晨	个 [ge4]
早饭	份 [fen4], 顿 [dun4], 次 [ci4], 餐 [can1]
早餐	份 [fen4], 顿 [dun4], 次 [ci4]
昆虫	只 [zhi1], 群 [qun2], 堆 [dui1]
明月	轮 [lun2]
星座	张 [zhang1]
星期	个 [ge4]
星期天	个 [ge4]
星期日	个 [ge4]
春天	个 [ge4]
时代	个 [ge4]
时刻	个 [ge4], 段 [duan4]
时期	个 [ge4]
时间	段 [duan4]
晚上	个 [ge4]
晚会	个 [ge4]
晚饭	份 [fen4], 顿 [dun4], 次 [ci4], 餐 [can1]
晚餐	份 [fen4], 顿 [dun4], 次 [ci4]
暑假	个 [ge4]
暴雨	场 [chang2], 阵 [zhen4]
暴风雪	场 [chang2]
曲	支 [zhi1]
曲子	支 [zhi1]
书	本 [ben3], 册 [ce4], 部 [bu4]
书包	个 [ge4], 只 [zhi1]
书店	家 [jia1]
书房	间 [jian1]
书本	本 [ben3]
书架	个 [ge4]
书桌	张 [zhang1]
书目	本 [ben3]
书签	张 [zhang1]
会场	个 [ge4]
会见	次 [ci4]
会话	个 [ge4], 次 [ci4]
会谈	次 [ci4]
会议	场 [chang3], 届 [jie4]
月	个 [ge4], 轮 [lun2]
朋友	个 [ge4], 位 [wei4]
服务	项 [xiang4]
服务员	个 [ge4], 位 [wei4]
服务器	台 [tai2]
服装	身 [shen1]
望远镜	付 [fu4], 副 [fu4], 部 [bu4]
期间	个 [ge4]
木板	张 [zhang1], 块 [kuai4]
木片	块 [kuai4], 片 [pian4]
木耳	朵 [duo3]
木蠹	只 [zhi1]
木蠹蛾	只 [zhi1]
木头	块 [kuai4], 根 [gen1]
未来	个 [ge4]
本子	本 [ben3]
本领	项 [xiang4], 个 [ge4]
札记	篇 [pian1]
朱古力	块 [kuai4]
杆	条 [tiao2], 根 [gen1]
李子	个 [ge4]
材料	个 [ge4], 种 [zhong3]
村庄	座 [zuo4]
杯子	个 [ge4], 只 [zhi1]
东西	个 [ge4], 件 [jian4]
松	棵 [ke1]
松树	棵 [ke1]
板	块 [kuai4]
板凳	张 [zhang1], 条 [tiao2]
林	片 [pian4]
林阴大道	条 [tiao2]
果树	棵 [ke1]
柱	根 [gen1]
柱子	根 [gen1]
柳橙汁	瓶 [ping2], 杯 [bei1], 罐 [guan4], 盒 [he2]
柿子	个 [ge4]
校	所 [suo3]
校长	个 [ge4], 位 [wei4], 名 [ming2]
核桃	个 [ge4], 棵 [ke1]
根	条 [tiao2]
根据	个 [ge4]
根本	个 [ge4]
桃树	株 [zhu1]
案件	宗 [zong1], 桩 [zhuang1], 起 [qi3]
案例	个 [ge4]
桌子	张 [zhang1], 套 [tao4]
桌布	条 [tiao2], 块 [kuai4], 张 [zhang1]
桔子	个 [ge4], 瓣 [ban4]
桶	个 [ge4], 只 [zhi1]
梗	根 [gen1]
条件	个 [ge4]
条款	项 [xiang4]
条约	个 [ge4]
梨	个 [ge4]
梨子	个 [ge4]
梳子	把 [ba3]
棉衣	件 [jian4]
棉被	条 [tiao2], 面 [mian4]
棋	盘 [pan2], 个 [ge4], 颗 [ke1]
棋子	个 [ge4], 颗 [ke1]
棒棒糖	根 [gen1]
棒球	个 [ge4], 只 [zhi1]
棒糖	根 [gen1]
枣树	棵 [ke1]
棚子	间 [jian1]
栈单	张 [zhang1]
栈车	辆 [liang4]
栈阁	条 [tiao2]
森林	片 [pian4]
棺材	具 [ju4], 口 [kou3]
椅子	把 [ba3], 套 [tao4]
植物	种 [zhong3]
杨梅	颗 [ke1], 个 [ge4]
业务	项 [xiang4]
概念	个 [ge4]
概括	个 [ge4]
榜样	个 [ge4]
构造	个 [ge4]
枪	支 [zhi1], 把 [ba3], 杆 [gan3], 条 [tiao2], 枝 [zhi1]
乐器	件 [jian4]
乐队	支 [zhi1]
楼	层 [ceng2], 座 [zuo4], 栋 [dong4]
楼房	栋 [dong4], 幢 [zhuang4], 座 [zuo4]
楼梯	个 [ge4]
标杆	根 [gen1]
标准	个 [ge4]
标语	幅 [fu2], 张 [zhang1], 条 [tiao2]
标点	个 [ge4]
模样	个 [ge4]
树	棵 [ke1]
桥	座 [zuo4]
橘子	个 [ge4], 瓣 [ban4]
橘子水	瓶 [ping2], 杯 [bei1], 罐 [guan4], 盒 [he2]
橘子汁	瓶 [ping2], 杯 [bei1], 罐 [guan4], 盒 [he2]
橙汁	瓶 [ping2], 杯 [bei1], 罐 [guan4], 盒 [he2]
机	台 [tai2]
机器	台 [tai2], 部 [bu4], 个 [ge4]
机场	家 [jia1], 处 [chu4]
机床	张 [zhang1]
机会	个 [ge4]
机械师	个 [ge4], 位 [wei4]
机构	所 [suo3]
机票	张 [zhang1]
机关	个 [ge4]
橡皮	块 [kuai4]
橡皮擦	块 [kuai4]
检查	次 [ci4]
款	笔 [bi3], 个 [ge4]
款子	笔 [bi3]
款式	种 [zhong3]
款项	宗 [zong1]
歌	支 [zhi1], 首 [shou3]
歌剧	场 [chang3], 出 [chu1]
欢腾	片 [pian4]
步枪	把 [ba3], 枝 [zhi1]
武器	种 [zhong3]
武术	种 [zhong3]
历史	门 [men2], 段 [duan4]
母亲	个 [ge4]
毒打	顿 [dun4]
比萨饼	张 [zhang1]
比赛	场 [chang3], 次 [ci4]
毛巾	条 [tiao2]
毛病	个 [ge4]
毛笔	枝 [zhi1], 管 [guan3]
毛衣	件 [jian4]
毛驴	头 [tou2]
毯子	条 [tiao2], 张 [zhang1], 床 [chuang2], 面 [mian4]
民族	个 [ge4]
民歌	支 [zhi1], 首 [shou3]
气候	种 [zhong3]
气温	个 [ge4]
气象	个 [ge4]
水仙花	棵 [ke1]
水库	座 [zuo4]
水果	个 [ge4]
水果刀	把 [ba3]
水泥	袋 [dai4]
水稻	株 [zhu1]
汗	滴 [di1], 头 [tou2], 身 [shen1]
江	条 [tiao2], 道 [dao4]
污染	个 [ge4]
汪洋	片 [pian4]
决定	个 [ge4], 项 [xiang4]
决心	个 [ge4]
汽车	辆 [liang4]
沙	粒 [li4]
沙子	粒 [li4], 把 [ba3]
沙漠	个 [ge4]
沙滩	片 [pian4]
沙发	条 [tiao2], 张 [zhang1]
河	条 [tiao2], 道 [dao4]
河流	条 [tiao2]
油条	根 [gen1]
油漆	层 [ceng2]
油轮	艘 [sou1]
泉水	股 [gu3]
法律	条 [tiao2],  套 [tao4], 个 [ge4]
法郎	个 [ge4]
泥鳅	条 [tiao2]
洋铁箔	张 [zhang1]
洗澡间	间 [jian1]
洗衣机	台 [tai2]
洞	个 [ge4]
活动	项 [xiang4], 个 [ge4]
活动中心	处 [chu4]
派克大衣	件 [jian4]
浪花	朵 [duo3]
浴室	间 [jian1]
浴巾	条 [tiao2]
浴帽	顶 [ding3]
海	个 [ge4], 片 [pian4]
海洋	个 [ge4]
海滩	片 [pian4]
海关	个 [ge4]
海鹫	只 [zhi1]
消息	条 [tiao2]
凉席	张 [zhang1], 领 [ling3]
渠	条 [tiao2]
测验	次 [ci4], 个 [ge4]
港	个 [ge4]
游泳池	场 [chang3]
湖	个 [ge4], 片 [pian4]
汤匙	把 [ba3]
沟	道 [dao4]
温度	个 [ge4]
滑雪板	副 [fu4]
渔船	条 [tiao2]
漆	道 [dao4]
演出	场 [chang3], 次 [ci4]
演出地点	处 [chu4]
演员	个 [ge4], 位 [wei4], 名 [ming2]
汉字	个 [ge4]
汉语	门 [men2]
激光唱片	片 [pian4], 张 [zhang1]
滩	片 [pian4]
火器	架 [jia4]
火把	把 [ba3]
火柴	根 [gen1], 盒 [he2]
火炬	把 [ba3]
火箭	枚 [mei2]
火腿	个 [ge4]
火车	列 [lie4], 节 [jie2], 班 [ban1], 趟 [tang4]
灰岩	块 [kuai4]
灶间	间 [jian1]
灾害	个 [ge4]
炮	座 [zuo4]
炮弹	枚 [mei2]
炸弹	枚 [mei2], 颗 [ke1]
乌青	块 [kuai4]
焊工	名 [ming2]
煎饼	张 [zhang1]
烟	根 [gen1], 缕 [lu:3]
烟卷儿	棵 [ke1]
烟头	根 [gen1]
煤	块 [kuai4]
照片	张 [zhang1], 套 [tao4], 幅 [fu2]
照相机	个 [ge4], 架 [jia4], 部 [bu4], 台 [tai2], 只 [zhi1]
熊猫	只 [zhi1]
热气	股 [gu3]
热水瓶	个 [ge4]
灯	盏 [zhan3]
灯塔	座 [zuo4]
灯泡	个 [ge4]
营业员	个 [ge4]
营养	种 [zhong3]
争论	次 [ci4], 场 [chang3]
父亲	个 [ge4]
爸爸	个 [ge4], 位 [wei4]
爷爷	个 [ge4]
墙	面 [mian4], 堵 [du3]
牌	片 [pian4], 个 [ge4], 块 [kuai4]
牙	颗 [ke1]
牙刷	把 [ba3]
牙线	条 [tiao2]
牙膏	管 [guan3]
牙齿	颗 [ke1]
牛	条 [tiao2], 头 [tou2]
牛仔裤	条 [tiao2]
牛奶	瓶 [ping2], 杯 [bei1]
牛马	只 [zhi1]
物价	个 [ge4]
物质	个 [ge4]
特点	个 [ge4]
状态	个 [ge4]
状况	个 [ge4]
狗	只 [zhi1], 条 [tiao2]
狗吠	声 [sheng1]
狗獾	只 [zhi1]
狗鹫	只 [zhi1]
狠劲	股 [gu3]
狼	匹 [pi3], 只 [zhi1], 条 [tiao2]
猴	只 [zhi1]
猴子	只 [zhi1]
狮子	只 [zhi1], 头 [tou2]
奖	个 [ge4]
奖学金	笔 [bi3]
奖章	枚 [mei2]
奖项	项 [xiang4]
玉米	粒 [li4]
王后	个 [ge4], 位 [wei4]
玫瑰	朵 [duo3], 棵 [ke1]
玳瑁眼镜	副 [fu4]
玻璃	张 [zhang1], 块 [kuai4]
珍珠	颗 [ke1]
珠	粒 [li4], 颗 [ke1]
珠子	粒 [li4], 颗 [ke1]
班	个 [ge4]
班机	趟 [tang4], 次 [ci4], 班 [ban1]
班长	个 [ge4]
现代化	个 [ge4]
现象	个 [ge4], 种 [zhong3]
球	个 [ge4], 场 [chang3]
球场	个 [ge4], 处 [chu4]
球赛	场 [chang3]
球迷	个 [ge4]
理由	个 [ge4]
理论	个 [ge4]
理发店	家 [jia1]
理发厅	家 [jia1]
环境	个 [ge4]
瓦片	块 [kuai4]
瓶	个 [ge4]
瓶子	个 [ge4]
甘蔗	节 [jie2]
生命	个 [ge4], 条 [tiao2]
生意	笔 [bi3]
生日	个 [ge4]
生物	个 [ge4]
生词	组 [zu3], 个 [ge4]
产品	个 [ge4]
用处	个 [ge4]
田	片 [pian4]
田野	片 [pian4]
申请	份 [fen4]
男	个 [ge4]
男人	个 [ge4]
男孩	个 [ge4]
留学生	个 [ge4], 位 [wei4]
留言簿	本 [ben3]
画	幅 [fu2], 张 [zhang1]
画报	本 [ben3], 份 [fen4], 册 [ce4], 期 [qi1]
画家	个 [ge4]
当铺	家 [jia1], 间 [jian1]
病	场 [chang2]
病人	个 [ge4]
病室	间 [jian1]
病房	间 [jian1]
痛苦	个 [ge4]
发动机	台 [tai2]
发明	个 [ge4]
发言	个 [ge4]
白天	个 [ge4]
白杨	棵 [ke1]
白菜	棵 [ke1], 个 [ge4]
白发	根 [gen1]
百科全书	本 [ben3], 集 [ji2]
皇帝	个 [ge4]
皮	张 [zhang1]
皮具	件 [jian4]
皮带	条 [tiao2], 根 [gen1]
皮肤	层 [ceng2], 块 [kuai4]
皮革	张 [zhang1]
皱纹	道 [dao4]
盆	个 [ge4]
盒带	盘 [pan2]
盘子	个 [ge4]
盘秤	台 [tai2]
盥洗室	间 [jian1]
目标	个 [ge4]
目的	个 [ge4]
直升机	架 [jia4]
相片	张 [zhang1]
眉毛	根 [gen1]
看法	个 [ge4]
真心	片 [pian4]
真理	个 [ge4]
眼	只 [zhi1], 双 [shuang1]
眼泪	滴 [di1]
眼睛	只 [zhi1], 双 [shuang1]
眼镜	副 [fu4]
矛盾	个 [ge4]
知识	门 [men2]
石碑	方 [fang1]
石头	块 [kuai4]
研究	项 [xiang4]
研究所	个 [ge4]
硬币	枚 [mei2]
砚台	方 [fang1]
碑	块 [kuai4], 面 [mian4]
碗	只 [zhi1], 个 [ge4]
碟子	盘 [pan2]
碟片	张 [zhang1]
码头	个 [ge4]
磁带	盘 [pan2], 盒 [he2]
砖	块 [kuai4]
矿泉水	瓶 [ping2], 杯 [bei1]
社会	个 [ge4]
社论	篇 [pian1]
祝贺	个 [ge4]
神	个 [ge4]
票	张 [zhang1]
礼	份 [fen4]
礼堂	座 [zuo4], 处 [chu4]
礼拜	个 [ge4]
礼物	件 [jian4], 个 [ge4], 份 [fen4]
禾苗	棵 [ke1]
秀	场 [chang2]
秋天	个 [ge4]
科	个 [ge4]
科学	门 [men2], 个 [ge4], 种 [zhong3]
科学家	个 [ge4]
科学院	个 [ge4]
科长	个 [ge4]
秘密	个 [ge4]
秤	台 [tai2]
秩序	个 [ge4]
程度	个 [ge4]
种子	颗 [ke1], 粒 [li4]
稿费	笔 [bi3]
空调	台 [tai2]
窗	扇 [shan4]
窗户	个 [ge4], 扇 [shan4]
窑洞	孔 [kong3]
窃蠹甲	只 [zhi1]
立场	个 [ge4]
竞赛	个 [ge4]
竹	棵 [ke1], 支 [zhi1], 根 [gen1]
竹子	棵 [ke1], 支 [zhi1], 根 [gen1]
竿子	根 [gen1], 个 [ge4]
笑	个 [ge4]
笑容	副 [fu4]
笑脸	副 [fu4]
笑话	个 [ge4]
笛子	管 [guan3]
笞杖	根 [gen1]
笤帚	把 [ba3]
笔	支 [zhi1], 枝 [zhi1]
笔记	本 [ben3]
笔记本	本 [ben3]
笔记本电脑	台 [tai2], 部 [bu4]
笔误	处 [chu4]
笔电	台 [tai2], 部 [bu4]
筐	只 [zhi1]
答卷	份 [fen4], 张 [zhang1]
答案	个 [ge4]
筷子	对 [dui4], 根 [gen1], 把 [ba3], 双 [shuang1]
箍带	条 [tiao2]
算盘	把 [ba3]
管子	根 [gen1]
管理	个 [ge4]
管龠	把 [ba3]
箭	支 [zhi1]
箱子	只 [zhi1], 个 [ge4]
节	个 [ge4]
节日	个 [ge4]
节目	台 [tai2], 个 [ge4], 套 [tao4]
范围	个 [ge4]
筛子	面 [mian4]
篮子	只 [zhi1]
篮球	个 [ge4], 只 [zhi1]
米	粒 [li4]
粉笔	支 [zhi1], 段 [duan4]
粉丝	把 [ba3]
粥	碗 [wan3]
精神	个 [ge4]
糖	颗 [ke1], 块 [kuai4]
糖果	粒 [li4]
粮食	种 [zhong3]
糯米糕	块 [kuai4]
系主任	位 [wei4], 个 [ge4]
系统	个 [ge4]
纪念	个 [ge4]
纪念章	枚 [mei2]
纪录片	部 [bu4]
约会	次 [ci4], 个 [ge4]
红旗	面 [mian4]
红树	棵 [ke1]
红茶	杯 [bei1], 壶 [hu2]
纸	张 [zhang1], 沓 [da2]
纸巾	张 [zhang1], 包 [bao1]
纸币	张 [zhang1]
级	个 [ge4]
终点	个 [ge4]
组织	个 [ge4]
结合	次 [ci4]
结婚	次 [ci4]
结果	个 [ge4]
结构	座 [zuo4], 个 [ge4]
结论	个 [ge4]
丝	条 [tiao2]
经文	本 [ben3]
经历	个 [ge4], 次 [ci4]
经理	个 [ge4], 位 [wei4], 名 [ming2]
经费	笔 [bi3]
经过	个 [ge4]
绸	匹 [pi3]
绸子	匹 [pi3]
网球	个 [ge4]
网球赛	场 [chang3]
紧张	阵 [zhen4]
线	条 [tiao2], 股 [gu3], 根 [gen1]
练习	个 [ge4]
练习本	本 [ben3]
缝	道 [dao4]
缝纫机	架 [jia4]
纵队	列 [lie4], 路 [lu4]
总理	个 [ge4], 位 [wei4], 名 [ming2]
总结	个 [ge4]
总统	个 [ge4], 位 [wei4], 名 [ming2], 届 [jie4]
绳	根 [gen1]
绳子	条 [tiao2]
继女	个 [ge4], 名 [ming2]
纤维	种 [zhong3]
缸	口 [kou3]
缺点	个 [ge4]
罐头	个 [ge4]
罩衣	件 [jian4]
骂	通 [tong4], 顿 [dun4]
骂声	片 [pian4]
羊	头 [tou2], 只 [zhi1]
羌鹫	只 [zhi1]
美人计	条 [tiao2]
美国人	个 [ge4]
美容店	家 [jia1]
美术	种 [zhong3]
羚羊	只 [zhi1]
义务	项 [xiang4]
羽毛球	个 [ge4]
翅子	只 [zhi1]
翅膀	个 [ge4], 对 [dui4]
翎毛	根 [gen1]
习惯	个 [ge4]
翻译	个 [ge4], 位 [wei4], 名 [ming2]
老大娘	位 [wei4]
老大妈	位 [wei4]
老大爷	位 [wei4]
老太太	位 [wei4]
老师	个 [ge4], 位 [wei4]
老百姓	个 [ge4]
老虎	只 [zhi1]
老板	个 [ge4]
老鼠	只 [zhi1]
考试	次 [ci4]
考试卷	张 [zhang1]
耳光	记 [ji4]
耳坠子	对 [dui4], 只 [zhi1]
耳套	副 [fu4]
耳朵	只 [zhi1], 个 [ge4], 对 [dui4]
耳环	只 [zhi1], 对 [dui4]
圣像	张 [zhang1]
圣经	本 [ben3], 部 [bu4]
声明	项 [xiang4], 份 [fen4]
声调	个 [ge4]
声音	个 [ge4]
职员	个 [ge4], 位 [wei4]
职工	个 [ge4]
肚子	个 [ge4]
肝	叶 [ye4], 个 [ge4]
肥皂	块 [kuai4], 条 [tiao2]
肩带	条 [tiao2]
肺	个 [ge4]
胃	个 [ge4]
背包	个 [ge4]
背心	件 [jian4]
背景	种 [zhong3]
胡同	条 [tiao2]
胳膊	只 [zhi1], 条 [tiao2], 双 [shuang1]
胳臂	条 [tiao2], 只 [zhi1]
胸章	枚 [mei2]
能力	个 [ge4]
能源	个 [ge4]
脖子	个 [ge4]
脾气	个 [ge4]
脑子	个 [ge4]
脑袋	颗 [ke1], 个 [ge4]
脚	双 [shuang1], 只 [zhi1]
脚踏车	辆 [liang4]
腿	条 [tiao2]
膏	帖 [tie3]
脸	张 [zhang1], 个 [ge4]
脸盆	个 [ge4]
卧室	间 [jian1]
自由	种 [zhong3]
自行车	辆 [liang4]
臭骂	顿 [dun4]
臭脸	张 [zhang1], 副 [fu4]
舅舅	个 [ge4]
兴趣	个 [ge4]
舌头	个 [ge4]
舞厅	间 [jian1]
舞会	场 [chang3]
航次	个 [ge4]
航空公司	家 [jia1]
航空母舰	艘 [sou1]
船	条 [tiao2], 艘 [sou1], 只 [zhi1]
舰队	支 [zhi1]
色	种 [zhong3]
花	朵 [duo3], 支 [zhi1], 束 [shu4], 把 [ba3], 盆 [pen2], 簇 [cu4]
花儿	首 [shou3]
花园	座 [zuo4], 个 [ge4]
花瓣	片 [pian4]
花瓶	对 [dui4]
花生	粒 [li4]
花茶	杯 [bei1], 壶 [hu2]
花豹	只 [zhi1]
苦肉计	条 [tiao2]
英雄	个 [ge4]
茅台酒	杯 [bei1], 瓶 [ping2]
茶	杯 [bei1], 壶 [hu2]
茶壶	把 [ba3]
茶杯	只 [zhi1]
茶叶	盒 [he2], 罐 [guan4], 包 [bao1], 片 [pian4]
茶馆	家 [jia1]
草	棵 [ke1], 撮 [zuo3], 株 [zhu1], 根 [gen1]
草原	片 [pian4]
草地	片 [pian4]
草莓	颗 [ke1]
荒岛	个 [ge4], 座 [zuo4]
庄稼	种 [zhong3]
茎	条 [tiao2]
菜	盘 [pan2], 道 [dao4]
菜刀	把 [ba3]
菜单	份 [fen4], 张 [zhang1]
菜板	张 [zhang1]
菠菜	棵 [ke1]
华侨	个 [ge4], 位 [wei4], 名 [ming2]
落地窗	扇 [shan4]
叶子	片 [pian4]
著作	部 [bu4]
蒜	头 [tou2], 瓣 [ban4]
苍蝇	只 [zhi1]
蔬菜	种 [zhong3]
薄膜	层 [ceng2]
艺术品	件 [jian4]
艺术家	个 [ge4], 位 [wei4], 名 [ming2]
艺术片	部 [bu4]
药	种 [zhong3], 服 [fu4], 味 [wei4]
药丸	粒 [li4]
药片	片 [pian4]
苹果	个 [ge4], 颗 [ke1]
萝卜	个 [ge4], 根 [gen1]
虎	只 [zhi1]
处分	个 [ge4]
虚惊	场 [chang2]
号	个 [ge4]
号码	堆 [dui1], 个 [ge4]
号码牌	条 [tiao2], 块 [kuai4], 片 [pian4]
蚊帐	顶 [ding3]
蛀牙	颗 [ke1], 个 [ge4]
蛇	条 [tiao2]
蛋	个 [ge4], 打 [da2]
蛋糕	块 [kuai4], 个 [ge4]
蛙	只 [zhi1]
蜂群	队 [dui4]
蜜蜂	只 [zhi1], 群 [qun2]
蝌蚪	只 [zhi1], 条 [tiao2]
蝴蝶	只 [zhi1]
螃蟹	只 [zhi1]
螺丝刀	把 [ba3]
虫	条 [tiao2], 只 [zhi1]
虫子	条 [tiao2], 只 [zhi1]
蝇	只 [zhi1]
蛴螬	条 [tiao2]
蜡烛	根 [gen1], 支 [zhi1]
蠹鱼	只 [zhi1]
蠹鱼子	只 [zhi1]
血	滴 [di1], 片 [pian4]
血泪史	部 [bu4]
血管	根 [gen1]
行动	个 [ge4]
行星	颗 [ke1]
行李	件 [jian4]
街	条 [tiao2]
街道	条 [tiao2]
卫星	颗 [ke1]
卫生套	只 [zhi1]
卫生间	间 [jian1]
衣	件 [jian4]
衣服	件 [jian4], 套 [tao4]
衣柜	个 [ge4]
表格	张 [zhang1], 份 [fen4]
表演	场 [chang3]
被单	床 [chuang2]
被子	床 [chuang2]
裁判	个 [ge4], 位 [wei4], 名 [ming2]
裂缝	道 [dao4]
裙	条 [tiao2]
裙子	条 [tiao2]
补充	个 [ge4]
装甲车	辆 [liang4]
褥子	床 [chuang2]
裤子	条 [tiao2]
裤带	根 [gen1]
袜子	只 [zhi1], 对 [dui4], 双 [shuang1]
袜裤	条 [tiao2], 双 [shuang1]
衬衣	件 [jian4]
衬衫	件 [jian4]
西瓜	颗 [ke1], 粒 [li4], 个 [ge5]
西红柿	只 [zhi1]
西装	套 [tao4]
西餐	份 [fen4], 顿 [dun4]
要求	点 [dian3]
见面	次 [ci4]
规定	个 [ge4]
规模	个 [ge4]
亲事	门 [men2]
亲戚	门 [men2], 个 [ge4], 位 [wei4]
觉	场 [chang2]
观察	个 [ge4]
观点	个 [ge4]
角	个 [ge4]
解放	次 [ci4]
解释	个 [ge4]
订书机	台 [tai2]
计划	个 [ge4], 项 [xiang4]
计算	个 [ge4]
计算机	台 [tai2]
讨论	个 [ge4]
训练	个 [ge4]
记忆	个 [ge4]
记者	个 [ge4]
记录	个 [ge4]
访问	次 [ci4]
设备	个 [ge4]
设计	个 [ge4]
评论	篇 [pian1]
词	组 [zu3], 个 [ge4], 首 [shou3]
词典	部 [bu4], 本 [ben3]
试卷	份 [fen4], 张 [zhang1]
试验	次 [ci4], 个 [ge4]
诗	首 [shou3]
诗句	行 [hang2]
诗歌	本 [ben3], 首 [shou3], 段 [duan4]
话	种 [zhong3], 席 [xi2], 句 [ju4], 口 [kou3], 番 [fan1]
话剧	台 [tai2], 部 [bu4]
话术	套 [tao4]
语气	个 [ge4]
语言	门 [men2], 种 [zhong3]
语调	个 [ge4]
误会	个 [ge4]
说明	个 [ge4]
说明书	本 [ben3]
课	门 [men2], 堂 [tang2], 节 [jie2]
课堂	间 [jian1]
课文	篇 [pian1]
课本	本 [ben3]
课程	堂 [tang2], 节 [jie2], 门 [men2]
调整	个 [ge4]
调查	项 [xiang4], 个 [ge4]
调查表	张 [zhang1], 份 [fen4]
谈判	个 [ge4]
谈话	次 [ci4]
请求	个 [ge4]
论文	篇 [pian1]
谜语	条 [tiao2]
讲堂	家 [jia1], 间 [jian1]
讲座	个 [ge4]
讲话	个 [ge4]
证明	个 [ge4]
警察	个 [ge4]
议论	个 [ge4]
议题	项 [xiang4]
护士	个 [ge4]
护照	本 [ben3], 个 [ge4]
读者	个 [ge4]
变化	个 [ge4]
豆	棵 [ke1], 粒 [li4]
豆子	颗 [ke1]
象	只 [zhi1]
象棋	副 [fu4]
猪	口 [kou3], 头 [tou2]
豹子	头 [tou2]
猫	只 [zhi1]
财产	笔 [bi3]
贡献	个 [ge4]
货	个 [ge4]
货物	宗 [zong1]
货轮	艘 [sou1]
责任	个 [ge4]
买卖	桩 [zhuang1], 次 [ci4]
贷款	笔 [bi3]
费用	笔 [bi3], 个 [ge4]
贸易	个 [ge4]
贺年片	张 [zhang1]
资料	份 [fen4], 个 [ge4]
宾馆	个 [ge4], 家 [jia1]
质量	个 [ge4]
账	本 [ben3], 笔 [bi3]
超市	家 [jia1]
足球	个 [ge4]
距离	个 [ge4]
路	条 [tiao2]
路线	条 [tiao2]
身体	具 [ju4], 个 [ge4]
车	辆 [liang4]
车厢	节 [jie2]
车祸	场 [chang2]
车站	处 [chu4], 个 [ge4]
车轴	根 [gen1]
车间	个 [ge4]
车队	列 [lie4]
轧辊	根 [gen1]
军舰	艘 [sou1]
军队	支 [zhi1], 个 [ge4]
轮子	个 [ge4]
轮船	艘 [sou1]
轮回	个 [ge4]
转变	个 [ge4]
轿车	部 [bu4], 辆 [liang4]
轰炸	阵 [zhen4]
办公室	间 [jian1]
办公楼	座 [zuo4], 栋 [dong4]
办法	条 [tiao2], 个 [ge4]
辞典	本 [ben3], 部 [bu4]
辫子	根 [gen1], 条 [tiao2]
辩论	场 [chang3], 次 [ci4]
农村	个 [ge4]
农民	个 [ge4]
通知	个 [ge4]
通讯	个 [ge4]
速度	个 [ge4]
造币厂	座 [zuo4]
连环计	条 [tiao2]
连裤袜	双 [shuang1]
进化	个 [ge4]
进步	个 [ge4]
游戏	场 [chang3]
游艇	只 [zhi1]
游览	次 [ci4]
运动	场 [chang3]
运动员	名 [ming2], 个 [ge4]
运动会	个 [ge4]
运动衫	件 [jian4]
过程	个 [ge4]
道	条 [tiao2], 股 [gu3]
道德	种 [zhong3]
道理	个 [ge4]
道路	条 [tiao2]
遮羞布	块 [kuai4]
选票	张 [zhang1]
选举	次 [ci4], 个 [ge4]
遗产	笔 [bi3]
避孕套	只 [zhi1]
避风港	座 [zuo4], 个 [ge4]
邀请	个 [ge4]
邀请函	封 [feng1]
边	个 [ge4]
郊区	个 [ge4]
部分	个 [ge4]
部长	个 [ge4], 位 [wei4], 名 [ming2]
部门	个 [ge4]
部队	个 [ge4]
邮局	家 [jia1], 个 [ge4]
邮票	枚 [mei2], 张 [zhang1]
乡下	个 [ge4]
邻居	个 [ge4]
酒	杯 [bei1], 瓶 [ping2], 罐 [guan4], 桶 [tong3], 缸 [gang1]
酒吧	家 [jia1]
医务室	个 [ge4]
医务所	家 [jia1]
医生	个 [ge4], 位 [wei4], 名 [ming2]
医院	所 [suo3], 家 [jia1], 座 [zuo4]
重复	个 [ge4]
重量	个 [ge4]
野猪	头 [tou2]
金属	种 [zhong3]
金牌	枚 [mei2]
金镏子	条 [tiao2]
针	根 [gen1], 支 [zhi1]
钓竿	根 [gen1]
钓鱼杆	根 [gen1]
钞票	张 [zhang1], 扎 [za1]
铃	只 [zhi1]
铃铛	只 [zhi1]
钳子	把 [ba3]
铅笔	支 [zhi1], 枝 [zhi1], 杆 [gan3]
铅笔刀	把 [ba3]
铅箔	张 [zhang1]
银牌	枚 [mei2]
银行	家 [jia1], 个 [ge4]
铜	块 [kuai4]
铜像	座 [zuo4]
铜牌	枚 [mei2]
锄头	把 [ba3]
锯子	把 [ba3]
钢琴	架 [jia4], 台 [tai2]
钢笔	支 [zhi1]
录像	盘 [pan2]
录像带	盘 [pan2]
录影带	盘 [pan2]
录影机	台 [tai2]
录音	个 [ge4]
录音带	盘 [pan2], 盒 [he2]
录音机	台 [tai2]
锥子	把 [ba3]
锤子	把 [ba3]
钱	笔 [bi3]
锡箔纸	张 [zhang1]
错误	个 [ge4]
锅	口 [kou3], 只 [zhi1]
锁	把 [ba3]
镏银器	件 [jian4]
镍箔	张 [zhang1]
链条	根 [gen1], 条 [tiao2]
铲子	把 [ba3]
铲车	台 [tai2]
镜子	面 [mian4], 个 [ge4]
镜架	副 [fu4]
钟	架 [jia4], 座 [zuo4]
钟头	个 [ge4]
镯子	只 [zhi1]
铁丝	根 [gen1]
铁丝网	道 [dao4]
铁路	条 [tiao2]
铁轨	根 [gen1]
铁锨	把 [ba3]
钥匙	把 [ba3]
锣	面 [mian4]
钻戒	只 [zhi1]
钻石	颗 [ke1]
长凳	张 [zhang1]
长官	位 [wei4]
长枪	支 [zhi1]
长矛	把 [ba3], 柄 [bing3]
长筒袜	双 [shuang1]
长袍	件 [jian4]
长颈鹿	只 [zhi1]
门	扇 [shan4], 个 [ge4]
门口	个 [ge4]
门面	间 [jian1]
闪电	道 [dao4]
开始	个 [ge4]
开支	笔 [bi3], 项 [xiang4]
阅览室	间 [jian1]
关系	个 [ge4]
关卡	个 [ge4], 道 [dao4]
关键	个 [ge4]
防火墙	堵 [du3]
防线	道 [dao4]
阿姨	个 [ge4]
限制	个 [ge4]
院	个 [ge4]
院子	个 [ge4]
院长	个 [ge4]
阴茎套	只 [zhi1]
阳光	线 [xian4]
队	个 [ge4]
队伍	个 [ge4], 支 [zhi1], 条 [tiao2]
队长	个 [ge4]
阶段	个 [ge4]
阶级	个 [ge4]
陨石	块 [kuai4], 颗 [ke1]
隐形眼镜	只 [zhi1], 副 [fu4]
集会	个 [ge4], 次 [ci4]
集邮册	本 [ben3]
集邮簿	本 [ben3], 册 [ce4], 部 [bu4]
雕像	尊 [zun1]
双打	场 [chang3]
双胞胎	对 [dui4]
杂技	场 [chang3]
杂志	本 [ben3], 份 [fen4], 期 [qi1]
鸡	只 [zhi1]
鸡毛	根 [gen1]
鸡腿	根 [gen1]
鸡蛋	个 [ge4], 打 [da2]
雨	阵 [zhen4], 场 [chang2]
雨伞	把 [ba3]
雨衣	件 [jian4]
雨靴	双 [shuang1]
雪	场 [chang2]
雪鞋	双 [shuang1]
云	朵 [duo3]
云彩	朵 [duo3]
电冰箱	个 [ge4]
电报	封 [feng1], 份 [fen4]
电子邮件	封 [feng1], 份 [fen4]
电影	部 [bu4], 片 [pian4], 幕 [mu4], 场 [chang3]
电影节	届 [jie4]
电影院	家 [jia1], 座 [zuo4]
电梯	台 [tai2], 部 [bu4]
电池	节 [jie2], 组 [zu3]
电灯	盏 [zhan3]
电线	根 [gen1]
电线杆	根 [gen1]
电线杆	根 [gen1]
电脑	台 [tai2]
电台	个 [ge4], 家 [jia1]
电视	台 [tai2], 个 [ge4]
电视剧	部 [bu4]
电视机	台 [tai2]
电视台	个 [ge4]
电话	部 [bu4], 通 [tong1]
电车	辆 [liang4]
电风扇	架 [jia4], 台 [tai2]
雾	场 [chang2], 阵 [zhen4]
霸气	股 [gu3]
青史	笔 [bi3]
面料	块 [kuai4]
面貌	个 [ge4]
革命	次 [ci4]
鞋	双 [shuang1], 只 [zhi1]
鞋带	根 [gen1], 双 [shuang1]
鞭子	根 [gen1]
鞭炮	枚 [mei2]
音乐	张 [zhang1], 曲 [qu3], 段 [duan4]
音乐会	场 [chang3]
响应	个 [ge4]
响雷	个 [ge4]
项目	个 [ge4]
项链	条 [tiao2]
领导	位 [wei4], 个 [ge4]
领带	条 [tiao2]
领袖	个 [ge4], 位 [wei4], 名 [ming2]
头	个 [ge4]
题	个 [ge4], 道 [dao4]
题目	个 [ge4]
顾客	位 [wei4]
显微镜	台 [tai2]
风	阵 [zhen4], 丝 [si1]
风俗	个 [ge4]
风景	个 [ge4]
风波	场 [chang2]
风衣	件 [jian4]
飞机	架 [jia4]
飞机场	处 [chu4]
飞机票	张 [zhang1]
食品	种 [zhong3]
食堂	个 [ge4], 间 [jian1]
食火鸡	只 [zhi1]
食物	种 [zhong3]
食谱	份 [fen4], 个 [ge4]
饭	碗 [wan3], 顿 [dun4]
饭店	家 [jia1], 个 [ge4]
饭馆	家 [jia1]
饺子	个 [ge4], 只 [zhi1]
饼	张 [zhang1]
饼干	片 [pian4], 块 [kuai4]
餐巾	张 [zhang1]
餐厅	间 [jian1], 家 [jia1]
餐馆	家 [jia1]
馆	家 [jia1]
馒头	个 [ge4]
首都	个 [ge4]
香	根 [gen1]
香味	股 [gu3]
香槟酒	瓶 [ping2], 杯 [bei1]
香烟	支 [zhi1], 条 [tiao2]
香皂	块 [kuai4]
香肠	根 [gen1]
香蕉	枝 [zhi1], 根 [gen1], 个 [ge4], 把 [ba3]
马	匹 [pi3]
马路	条 [tiao2]
骆驼	峰 [feng1]
骑行	次 [ci4]
骗局	场 [chang3]
骚动	阵 [zhen4]
骡	匹 [pi3], 头 [tou2]
骡子	匹 [pi3], 头 [tou2]
驴	头 [tou2]
骨头	根 [gen1], 块 [kuai4]
体恤衫	件 [jian4]
体积	个 [ge4]
体系	个 [ge4]
体育场	个 [ge4], 座 [zuo4]
体育馆	个 [ge4]
高原	片 [pian4]
高塔	座 [zuo4]
高射机枪	架 [jia4]
高度	个 [ge4]
高楼	座 [zuo4]
高丽菜	颗 [ke1], 个 [ge4]
发廊	家 [jia1], 间 [jian1]
胡子	撮 [zuo3], 根 [gen1]
胡须	根 [gen1], 绺 [liu3]
闹剧	场 [chang3], 出 [chu1], 幕 [mu4]
鬼话	篇 [pian1]
鱼	条 [tiao2], 尾 [wei3]
鲜花	朵 [duo3]
鲸鱼	条 [tiao2]
鸟	只 [zhi1], 群 [qun2]
鸭	只 [zhi1]
鹅	只 [zhi1]
盐	粒 [li4]
麦子	株 [zhu1]
面包	片 [pian4], 袋 [dai4], 块 [kuai4]
面包房	家 [jia1]
麻	缕 [lu:3]
麻将	副 [fu4]
黄油	盒 [he2]
黄瓜	条 [tiao2]
黄鳝	个 [ge4], 条 [tiao2]
黑板	块 [kuai4], 个 [ge4]
党	个 [ge4]
党员	名 [ming2], 位 [wei4], 个 [ge4]
鼓	通 [tong4], 面 [mian4]
鼓舞	个 [ge4]
鼠	只 [zhi1]
鼻子	个 [ge4], 只 [zhi1]
鼻孔	只 [zhi1]
齿	颗 [ke1]
龙	条 [tiao2]
龙眼	粒 [li4]
